Country/Region,date,qty_cases,qty_new_cases,cumm_qty_new_cases_14d,category
US,2020-01-22,1,1,1,real
US,2020-01-23,1,0,1,real
US,2020-01-24,2,1,2,real
US,2020-01-25,2,0,2,real
US,2020-01-26,5,3,5,real
US,2020-01-27,5,0,5,real
US,2020-01-28,5,0,5,real
US,2020-01-29,5,0,5,real
US,2020-01-30,5,0,5,real
US,2020-01-31,7,2,7,real
US,2020-02-01,8,1,8,real
US,2020-02-02,8,0,8,real
US,2020-02-03,11,3,11,real
US,2020-02-04,11,0,11,real
US,2020-02-05,11,0,10,real
US,2020-02-06,11,0,10,real
US,2020-02-07,11,0,9,real
US,2020-02-08,11,0,9,real
US,2020-02-09,11,0,6,real
US,2020-02-10,11,0,6,real
US,2020-02-11,12,1,7,real
US,2020-02-12,12,0,7,real
US,2020-02-13,13,1,8,real
US,2020-02-14,13,0,6,real
US,2020-02-15,13,0,5,real
US,2020-02-16,13,0,5,real
US,2020-02-17,13,0,2,real
US,2020-02-18,13,0,2,real
US,2020-02-19,13,0,2,real
US,2020-02-20,13,0,2,real
US,2020-02-21,15,2,4,real
US,2020-02-22,15,0,4,real
US,2020-02-23,15,0,4,real
US,2020-02-24,51,36,40,real
US,2020-02-25,51,0,39,real
US,2020-02-26,57,6,45,real
US,2020-02-27,58,1,45,real
US,2020-02-28,60,2,47,real
US,2020-02-29,68,8,55,real
US,2020-03-01,74,6,61,real
US,2020-03-02,98,24,85,real
US,2020-03-03,118,20,105,real
US,2020-03-04,149,31,136,real
US,2020-03-05,219,70,206,real
US,2020-03-06,267,48,252,real
US,2020-03-07,403,136,388,real
US,2020-03-08,519,116,504,real
US,2020-03-09,588,69,537,real
US,2020-03-10,962,374,911,real
US,2020-03-11,1285,323,1228,real
US,2020-03-12,1667,382,1609,real
US,2020-03-13,2181,514,2121,real
US,2020-03-14,2729,548,2661,real
US,2020-03-15,3536,807,3462,real
US,2020-03-16,4661,1125,4563,real
US,2020-03-17,6437,1776,6319,real
US,2020-03-18,7781,1344,7632,real
US,2020-03-19,13748,5967,13529,real
US,2020-03-20,19274,5526,19007,real
US,2020-03-21,25600,6326,25197,real
US,2020-03-22,33280,7680,32761,real
US,2020-03-23,43862,10582,43274,real
US,2020-03-24,53925,10063,52963,real
US,2020-03-25,65844,11919,64559,real
US,2020-03-26,83836,17992,82169,real
US,2020-03-27,101962,18126,99781,real
US,2020-03-28,121786,19824,119057,real
US,2020-03-29,140910,19124,137374,real
US,2020-03-30,162147,21237,157486,real
US,2020-03-31,188172,26025,181735,real
US,2020-04-01,213602,25430,205821,real
US,2020-04-02,244008,30406,230260,real
US,2020-04-03,275798,31790,256524,real
US,2020-04-04,309027,33229,283427,real
US,2020-04-05,336802,27775,303522,real
US,2020-04-06,366317,29515,322455,real
US,2020-04-07,397121,30804,343196,real
US,2020-04-08,428654,31533,362810,real
US,2020-04-09,463327,34673,379491,real
US,2020-04-10,496846,33519,394884,real
US,2020-04-11,526776,29930,404990,real
US,2020-04-12,555313,28537,414403,real
US,2020-04-13,580624,25311,418477,real
US,2020-04-14,607670,27046,419498,real
US,2020-04-15,636674,29004,423072,real
US,2020-04-16,667981,31307,423973,real
US,2020-04-17,700062,32081,424264,real
US,2020-04-18,732590,32528,423563,real
US,2020-04-19,758809,26219,422007,real
US,2020-04-20,784708,25899,418391,real
US,2020-04-21,811865,27157,414744,real
US,2020-04-22,840351,28486,411697,real
US,2020-04-23,869170,28819,405843,real
US,2020-04-24,905358,36188,408512,real
US,2020-04-25,938154,32796,411378,real
US,2020-04-26,965785,27631,410472,real
US,2020-04-27,988197,22412,407573,real
US,2020-04-28,1012582,24385,404912,real
US,2020-04-29,1039909,27327,403235,real
US,2020-04-30,1069424,29515,401443,real
US,2020-05-01,1103461,34037,403399,real
US,2020-05-02,1132539,29078,399949,real
US,2020-05-03,1158040,25501,399231,real
US,2020-05-04,1180375,22335,395667,real
US,2020-05-05,1204351,23976,392486,real
US,2020-05-06,1229331,24980,388980,real
US,2020-05-07,1257023,27692,387853,real
US,2020-05-08,1283929,26906,378571,real
US,2020-05-09,1309550,25621,371396,real
US,2020-05-10,1329260,19710,363475,real
US,2020-05-11,1347881,18621,359684,real
US,2020-05-12,1369376,21495,356794,real
US,2020-05-13,1390406,21030,350497,real
US,2020-05-14,1417774,27368,348350,real
US,2020-05-15,1442824,25050,339363,real
US,2020-05-16,1467820,24996,335281,real
US,2020-05-17,1486757,18937,328717,real
US,2020-05-18,1508308,21551,327933,real
US,2020-05-19,1528568,20260,324217,real
US,2020-05-20,1551853,23285,322522,real
US,2020-05-21,1577147,25294,320124,real
US,2020-05-22,1600937,23790,317008,real
US,2020-05-23,1622612,21675,313062,real
US,2020-05-24,1643246,20634,313986,real
US,2020-05-25,1662302,19056,314421,real
US,2020-05-26,1680913,18611,311537,real
US,2020-05-27,1699176,18263,308770,real
US,2020-05-28,1721753,22577,303979,real
US,2020-05-29,1746019,24266,303195,real
US,2020-05-30,1770165,24146,302345,real
US,2020-05-31,1790172,20007,303415,real
US,2020-06-01,1811020,20848,302712,real
US,2020-06-02,1831821,20801,303253,real
US,2020-06-03,1851520,19699,299667,real
US,2020-06-04,1872660,21140,295513,real
US,2020-06-05,1902632,29972,301695,real
US,2020-06-06,1925765,23133,303153,real
US,2020-06-07,1943882,18117,300636,real
US,2020-06-08,1961428,17546,299126,real
US,2020-06-09,1979489,18061,298576,real
US,2020-06-10,2000464,20975,301288,real
US,2020-06-11,2023347,22883,301594,real
US,2020-06-12,2035541,12194,289522,prediction
US,2020-06-13,2046288,10747,276123,prediction
US,2020-06-14,2055091,8803,264919,prediction
US,2020-06-15,2060711,5620,249691,prediction
US,2020-06-16,2064832,4121,233011,prediction
US,2020-06-17,2068961,4129,217441,prediction
US,2020-06-18,2073098,4137,200438,prediction
US,2020-06-19,2077244,4146,174612,prediction
US,2020-06-20,2081398,4154,155633,prediction
US,2020-06-21,2085560,4162,141678,prediction
US,2020-06-22,2089731,4171,128303,prediction
US,2020-06-23,2093910,4179,114421,prediction
US,2020-06-24,2098097,4187,97633,prediction
US,2020-06-25,2102293,4196,78946,prediction
US,2020-06-26,2106497,4204,70956,prediction
US,2020-06-27,2110709,4212,64421,prediction
US,2020-06-28,2114930,4221,59839,prediction
US,2020-06-29,2119159,4229,58448,prediction
US,2020-06-30,2123397,4238,58565,prediction
US,2020-07-01,2127643,4246,58682,prediction
US,2020-07-02,2131898,4255,58800,prediction
US,2020-07-03,2136161,4263,58917,prediction
US,2020-07-04,2140433,4272,59035,prediction
US,2020-07-05,2144713,4280,59153,prediction
US,2020-07-06,2149002,4289,59271,prediction
US,2020-07-07,2153300,4298,59390,prediction
US,2020-07-08,2157606,4306,59509,prediction
US,2020-07-09,2161921,4315,59628,prediction
US,2020-07-10,2166244,4323,59747,prediction
US,2020-07-11,2170576,4332,59867,prediction
US,2020-07-12,2174917,4341,59987,prediction
US,2020-07-13,2179266,4349,60107,prediction
US,2020-07-14,2183624,4358,60227,prediction
US,2020-07-15,2187991,4367,60348,prediction
US,2020-07-16,2192366,4375,60468,prediction
US,2020-07-17,2196750,4384,60589,prediction
US,2020-07-18,2201143,4393,60710,prediction
US,2020-07-19,2205545,4402,60832,prediction
US,2020-07-20,2209956,4411,60954,prediction
US,2020-07-21,2214375,4419,61075,prediction
US,2020-07-22,2218803,4428,61197,prediction
US,2020-07-23,2223240,4437,61319,prediction
US,2020-07-24,2227686,4446,61442,prediction
US,2020-07-25,2232141,4455,61565,prediction
US,2020-07-26,2236605,4464,61688,prediction
US,2020-07-27,2241078,4473,61812,prediction
US,2020-07-28,2245560,4482,61936,prediction
US,2020-07-29,2250051,4491,62060,prediction
US,2020-07-30,2254551,4500,62185,prediction
US,2020-07-31,2259060,4509,62310,prediction
Italy,2020-01-31,2,2,2,real
Italy,2020-02-01,2,0,2,real
Italy,2020-02-02,2,0,2,real
Italy,2020-02-03,2,0,2,real
Italy,2020-02-04,2,0,2,real
Italy,2020-02-05,2,0,2,real
Italy,2020-02-06,2,0,2,real
Italy,2020-02-07,3,1,3,real
Italy,2020-02-08,3,0,3,real
Italy,2020-02-09,3,0,3,real
Italy,2020-02-10,3,0,3,real
Italy,2020-02-11,3,0,3,real
Italy,2020-02-12,3,0,3,real
Italy,2020-02-13,3,0,3,real
Italy,2020-02-14,3,0,1,real
Italy,2020-02-15,3,0,1,real
Italy,2020-02-16,3,0,1,real
Italy,2020-02-17,3,0,1,real
Italy,2020-02-18,3,0,1,real
Italy,2020-02-19,3,0,1,real
Italy,2020-02-20,3,0,1,real
Italy,2020-02-21,20,17,17,real
Italy,2020-02-22,62,42,59,real
Italy,2020-02-23,155,93,152,real
Italy,2020-02-24,229,74,226,real
Italy,2020-02-25,322,93,319,real
Italy,2020-02-26,453,131,450,real
Italy,2020-02-27,655,202,652,real
Italy,2020-02-28,888,233,885,real
Italy,2020-02-29,1128,240,1125,real
Italy,2020-03-01,1694,566,1691,real
Italy,2020-03-02,2036,342,2033,real
Italy,2020-03-03,2502,466,2499,real
Italy,2020-03-04,3089,587,3086,real
Italy,2020-03-05,3858,769,3855,real
Italy,2020-03-06,4636,778,4616,real
Italy,2020-03-07,5883,1247,5821,real
Italy,2020-03-08,7375,1492,7220,real
Italy,2020-03-09,9172,1797,8943,real
Italy,2020-03-10,10149,977,9827,real
Italy,2020-03-11,12462,2313,12009,real
Italy,2020-03-12,15113,2651,14458,real
Italy,2020-03-13,17660,2547,16772,real
Italy,2020-03-14,21157,3497,20029,real
Italy,2020-03-15,24747,3590,23053,real
Italy,2020-03-16,27980,3233,25944,real
Italy,2020-03-17,31506,3526,29004,real
Italy,2020-03-18,35713,4207,32624,real
Italy,2020-03-19,41035,5322,37177,real
Italy,2020-03-20,47021,5986,42385,real
Italy,2020-03-21,53578,6557,47695,real
Italy,2020-03-22,59138,5560,51763,real
Italy,2020-03-23,63927,4789,54755,real
Italy,2020-03-24,69176,5249,59027,real
Italy,2020-03-25,74386,5210,61924,real
Italy,2020-03-26,80589,6203,65476,real
Italy,2020-03-27,86498,5909,68838,real
Italy,2020-03-28,92472,5974,71315,real
Italy,2020-03-29,97689,5217,72942,real
Italy,2020-03-30,101739,4050,73759,real
Italy,2020-03-31,105792,4053,74286,real
Italy,2020-04-01,110574,4782,74861,real
Italy,2020-04-02,115242,4668,74207,real
Italy,2020-04-03,119827,4585,72806,real
Italy,2020-04-04,124632,4805,71054,real
Italy,2020-04-05,128948,4316,69810,real
Italy,2020-04-06,132547,3599,68620,real
Italy,2020-04-07,135586,3039,66410,real
Italy,2020-04-08,139422,3836,65036,real
Italy,2020-04-09,143626,4204,63037,real
Italy,2020-04-10,147577,3951,61079,real
Italy,2020-04-11,152271,4694,59799,real
Italy,2020-04-12,156363,4092,58674,real
Italy,2020-04-13,159516,3153,57777,real
Italy,2020-04-14,162488,2972,56696,real
Italy,2020-04-15,165155,2667,54581,real
Italy,2020-04-16,168941,3786,53699,real
Italy,2020-04-17,172434,3493,52607,real
Italy,2020-04-18,175925,3491,51293,real
Italy,2020-04-19,178972,3047,50024,real
Italy,2020-04-20,181228,2256,48681,real
Italy,2020-04-21,183957,2729,48371,real
Italy,2020-04-22,187327,3370,47905,real
Italy,2020-04-23,189973,2646,46347,real
Italy,2020-04-24,192994,3021,45417,real
Italy,2020-04-25,195351,2357,43080,real
Italy,2020-04-26,197675,2324,41312,real
Italy,2020-04-27,199414,1739,39898,real
Italy,2020-04-28,201505,2091,39017,real
Italy,2020-04-29,203591,2086,38436,real
Italy,2020-04-30,205463,1872,36522,real
Italy,2020-05-01,207428,1965,34994,real
Italy,2020-05-02,209328,1900,33403,real
Italy,2020-05-03,210717,1389,31745,real
Italy,2020-05-04,211938,1221,30710,real
Italy,2020-05-05,213013,1075,29056,real
Italy,2020-05-06,214457,1444,27130,real
Italy,2020-05-07,215858,1401,25885,real
Italy,2020-05-08,217185,1327,24191,real
Italy,2020-05-09,218268,1083,22917,real
Italy,2020-05-10,219070,802,21395,real
Italy,2020-05-11,219814,744,20400,real
Italy,2020-05-12,221216,1402,19711,real
Italy,2020-05-13,222104,888,18513,real
Italy,2020-05-14,223096,992,17633,real
Italy,2020-05-15,223885,789,16457,real
Italy,2020-05-16,224760,875,15432,real
Italy,2020-05-17,225435,675,14718,real
Italy,2020-05-18,225886,451,13948,real
Italy,2020-05-19,226699,813,13686,real
Italy,2020-05-20,227364,665,12907,real
Italy,2020-05-21,228006,642,12148,real
Italy,2020-05-22,228658,652,11473,real
Italy,2020-05-23,229327,669,11059,real
Italy,2020-05-24,229858,531,10788,real
Italy,2020-05-25,230158,300,10344,real
Italy,2020-05-26,230555,397,9339,real
Italy,2020-05-27,231139,584,9035,real
Italy,2020-05-28,231732,593,8636,real
Italy,2020-05-29,232248,516,8363,real
Italy,2020-05-30,232664,416,7904,real
Italy,2020-05-31,232997,333,7562,real
Italy,2020-06-01,233197,200,7311,real
Italy,2020-06-02,233515,318,6816,real
Italy,2020-06-03,233836,321,6472,real
Italy,2020-06-04,234013,177,6007,real
Italy,2020-06-05,234531,518,5873,real
Italy,2020-06-06,234801,270,5474,real
Italy,2020-06-07,234998,197,5140,real
Italy,2020-06-08,235278,280,5120,real
Italy,2020-06-09,235561,283,5006,real
Italy,2020-06-10,235763,202,4624,real
Italy,2020-06-11,236142,379,4410,real
Italy,2020-06-12,236614,472,4366,prediction
Italy,2020-06-13,237087,473,4423,prediction
Italy,2020-06-14,237561,474,4564,prediction
Italy,2020-06-15,238036,475,4839,prediction
Italy,2020-06-16,238512,476,4997,prediction
Italy,2020-06-17,238989,477,5153,prediction
Italy,2020-06-18,239466,477,5453,prediction
Italy,2020-06-19,239944,478,5413,prediction
Italy,2020-06-20,240423,479,5622,prediction
Italy,2020-06-21,240903,480,5905,prediction
Italy,2020-06-22,241384,481,6106,prediction
Italy,2020-06-23,241866,482,6305,prediction
Italy,2020-06-24,242349,483,6586,prediction
Italy,2020-06-25,242833,484,6691,prediction
Italy,2020-06-26,243318,485,6704,prediction
Italy,2020-06-27,243804,486,6717,prediction
Italy,2020-06-28,244291,487,6730,prediction
Italy,2020-06-29,244779,488,6743,prediction
Italy,2020-06-30,245268,489,6756,prediction
Italy,2020-07-01,245758,490,6769,prediction
Italy,2020-07-02,246249,491,6783,prediction
Italy,2020-07-03,246741,492,6797,prediction
Italy,2020-07-04,247234,493,6811,prediction
Italy,2020-07-05,247728,494,6825,prediction
Italy,2020-07-06,248223,495,6839,prediction
Italy,2020-07-07,248719,496,6853,prediction
Italy,2020-07-08,249216,497,6867,prediction
Italy,2020-07-09,249714,498,6881,prediction
Italy,2020-07-10,250213,499,6895,prediction
Italy,2020-07-11,250713,500,6909,prediction
Italy,2020-07-12,251214,501,6923,prediction
Italy,2020-07-13,251716,502,6937,prediction
Italy,2020-07-14,252219,503,6951,prediction
Italy,2020-07-15,252723,504,6965,prediction
Italy,2020-07-16,253228,505,6979,prediction
Italy,2020-07-17,253734,506,6993,prediction
Italy,2020-07-18,254241,507,7007,prediction
Italy,2020-07-19,254749,508,7021,prediction
Italy,2020-07-20,255258,509,7035,prediction
Italy,2020-07-21,255768,510,7049,prediction
Italy,2020-07-22,256279,511,7063,prediction
Italy,2020-07-23,256791,512,7077,prediction
Italy,2020-07-24,257304,513,7091,prediction
Italy,2020-07-25,257818,514,7105,prediction
Italy,2020-07-26,258333,515,7119,prediction
Italy,2020-07-27,258849,516,7133,prediction
Italy,2020-07-28,259366,517,7147,prediction
Italy,2020-07-29,259884,518,7161,prediction
Italy,2020-07-30,260403,519,7175,prediction
Italy,2020-07-31,260923,520,7189,prediction
Spain,2020-02-01,1,1,1,real
Spain,2020-02-02,1,0,1,real
Spain,2020-02-03,1,0,1,real
Spain,2020-02-04,1,0,1,real
Spain,2020-02-05,1,0,1,real
Spain,2020-02-06,1,0,1,real
Spain,2020-02-07,1,0,1,real
Spain,2020-02-08,1,0,1,real
Spain,2020-02-09,2,1,2,real
Spain,2020-02-10,2,0,2,real
Spain,2020-02-11,2,0,2,real
Spain,2020-02-12,2,0,2,real
Spain,2020-02-13,2,0,2,real
Spain,2020-02-14,2,0,2,real
Spain,2020-02-15,2,0,1,real
Spain,2020-02-16,2,0,1,real
Spain,2020-02-17,2,0,1,real
Spain,2020-02-18,2,0,1,real
Spain,2020-02-19,2,0,1,real
Spain,2020-02-20,2,0,1,real
Spain,2020-02-21,2,0,1,real
Spain,2020-02-22,2,0,1,real
Spain,2020-02-23,2,0,0,real
Spain,2020-02-24,2,0,0,real
Spain,2020-02-25,6,4,4,real
Spain,2020-02-26,13,7,11,real
Spain,2020-02-27,15,2,13,real
Spain,2020-02-28,32,17,30,real
Spain,2020-02-29,45,13,43,real
Spain,2020-03-01,84,39,82,real
Spain,2020-03-02,120,36,118,real
Spain,2020-03-03,165,45,163,real
Spain,2020-03-04,222,57,220,real
Spain,2020-03-05,259,37,257,real
Spain,2020-03-06,400,141,398,real
Spain,2020-03-07,500,100,498,real
Spain,2020-03-08,673,173,671,real
Spain,2020-03-09,1073,400,1071,real
Spain,2020-03-10,1695,622,1689,real
Spain,2020-03-11,2277,582,2264,real
Spain,2020-03-12,2277,0,2262,real
Spain,2020-03-13,5232,2955,5200,real
Spain,2020-03-14,6391,1159,6346,real
Spain,2020-03-15,7798,1407,7714,real
Spain,2020-03-16,9942,2144,9822,real
Spain,2020-03-17,11748,1806,11583,real
Spain,2020-03-18,13910,2162,13688,real
Spain,2020-03-19,17963,4053,17704,real
Spain,2020-03-20,20410,2447,20010,real
Spain,2020-03-21,25374,4964,24874,real
Spain,2020-03-22,28768,3394,28095,real
Spain,2020-03-23,35136,6368,34063,real
Spain,2020-03-24,39885,4749,38190,real
Spain,2020-03-25,49515,9630,47238,real
Spain,2020-03-26,57786,8271,55509,real
Spain,2020-03-27,65719,7933,60487,real
Spain,2020-03-28,73235,7516,66844,real
Spain,2020-03-29,80110,6875,72312,real
Spain,2020-03-30,87956,7846,78014,real
Spain,2020-03-31,95923,7967,84175,real
Spain,2020-04-01,104118,8195,90208,real
Spain,2020-04-02,112065,7947,94102,real
Spain,2020-04-03,119199,7134,98789,real
Spain,2020-04-04,126168,6969,100794,real
Spain,2020-04-05,131646,5478,102878,real
Spain,2020-04-06,136675,5029,101539,real
Spain,2020-04-07,141942,5267,102057,real
Spain,2020-04-08,148220,6278,98705,real
Spain,2020-04-09,153222,5002,95436,real
Spain,2020-04-10,158273,5051,92554,real
Spain,2020-04-11,163027,4754,89792,real
Spain,2020-04-12,166831,3804,86721,real
Spain,2020-04-13,170099,3268,82143,real
Spain,2020-04-14,172541,2442,76618,real
Spain,2020-04-15,177644,5103,73526,real
Spain,2020-04-16,184948,7304,72883,real
Spain,2020-04-17,190839,5891,71640,real
Spain,2020-04-18,191726,887,65558,real
Spain,2020-04-19,198674,6948,67028,real
Spain,2020-04-20,200210,1536,63535,real
Spain,2020-04-21,204178,3968,62236,real
Spain,2020-04-22,208389,4211,60169,real
Spain,2020-04-23,213024,4635,59802,real
Spain,2020-04-24,202990,-10034,44717,real
Spain,2020-04-25,205905,2915,42878,real
Spain,2020-04-26,207634,1729,40803,real
Spain,2020-04-27,209465,1831,39366,real
Spain,2020-04-28,210773,1308,38232,real
Spain,2020-04-29,212917,2144,35273,real
Spain,2020-04-30,213435,518,28487,real
Spain,2020-05-01,215216,1781,24377,real
Spain,2020-05-02,216582,1366,24856,real
Spain,2020-05-03,217466,884,18792,real
Spain,2020-05-04,218011,545,17801,real
Spain,2020-05-05,219329,1318,15151,real
Spain,2020-05-06,220325,996,11936,real
Spain,2020-05-07,221447,1122,8423,real
Spain,2020-05-08,222857,1410,19867,real
Spain,2020-05-09,223578,721,17673,real
Spain,2020-05-10,224350,772,16716,real
Spain,2020-05-11,227436,3086,17971,real
Spain,2020-05-12,228030,594,17257,real
Spain,2020-05-13,228691,661,15774,real
Spain,2020-05-14,229540,849,16105,real
Spain,2020-05-15,230183,643,14967,real
Spain,2020-05-16,230698,515,14116,real
Spain,2020-05-17,230698,0,13232,real
Spain,2020-05-18,231606,908,13595,real
Spain,2020-05-19,232037,431,12708,real
Spain,2020-05-20,232555,518,12230,real
Spain,2020-05-21,233037,482,11590,real
Spain,2020-05-22,234824,1787,11967,real
Spain,2020-05-23,235290,466,11712,real
Spain,2020-05-24,235772,482,11422,real
Spain,2020-05-25,235400,-372,7964,real
Spain,2020-05-26,236259,859,8229,real
Spain,2020-05-27,236259,0,7568,real
Spain,2020-05-28,237906,1647,8366,real
Spain,2020-05-29,238564,658,8381,real
Spain,2020-05-30,239228,664,8530,real
Spain,2020-05-31,239479,251,8781,real
Spain,2020-06-01,239638,159,8032,real
Spain,2020-06-02,239932,294,7895,real
Spain,2020-06-03,240326,394,7771,real
Spain,2020-06-04,240660,334,7623,real
Spain,2020-06-05,240978,318,6154,real
Spain,2020-06-06,241310,332,6020,real
Spain,2020-06-07,241550,240,5778,real
Spain,2020-06-08,241717,167,6317,real
Spain,2020-06-09,241966,249,5707,real
Spain,2020-06-10,242280,314,6021,real
Spain,2020-06-11,242707,427,4801,real
Spain,2020-06-12,243192,485,4628,prediction
Spain,2020-06-13,243678,486,4450,prediction
Spain,2020-06-14,244165,487,4686,prediction
Spain,2020-06-15,244653,488,5015,prediction
Spain,2020-06-16,245142,489,5210,prediction
Spain,2020-06-17,245632,490,5306,prediction
Spain,2020-06-18,246123,491,5463,prediction
Spain,2020-06-19,246615,492,5637,prediction
Spain,2020-06-20,247108,493,5798,prediction
Spain,2020-06-21,247602,494,6052,prediction
Spain,2020-06-22,248097,495,6380,prediction
Spain,2020-06-23,248593,496,6627,prediction
Spain,2020-06-24,249090,497,6810,prediction
Spain,2020-06-25,249588,498,6881,prediction
Spain,2020-06-26,250087,499,6895,prediction
Spain,2020-06-27,250587,500,6909,prediction
Spain,2020-06-28,251088,501,6923,prediction
Spain,2020-06-29,251590,502,6937,prediction
Spain,2020-06-30,252093,503,6951,prediction
Spain,2020-07-01,252597,504,6965,prediction
Spain,2020-07-02,253102,505,6979,prediction
Spain,2020-07-03,253608,506,6993,prediction
Spain,2020-07-04,254115,507,7007,prediction
Spain,2020-07-05,254623,508,7021,prediction
Spain,2020-07-06,255132,509,7035,prediction
Spain,2020-07-07,255642,510,7049,prediction
Spain,2020-07-08,256153,511,7063,prediction
Spain,2020-07-09,256665,512,7077,prediction
Spain,2020-07-10,257178,513,7091,prediction
Spain,2020-07-11,257692,514,7105,prediction
Spain,2020-07-12,258207,515,7119,prediction
Spain,2020-07-13,258723,516,7133,prediction
Spain,2020-07-14,259240,517,7147,prediction
Spain,2020-07-15,259758,518,7161,prediction
Spain,2020-07-16,260277,519,7175,prediction
Spain,2020-07-17,260797,520,7189,prediction
Spain,2020-07-18,261318,521,7203,prediction
Spain,2020-07-19,261840,522,7217,prediction
Spain,2020-07-20,262363,523,7231,prediction
Spain,2020-07-21,262887,524,7245,prediction
Spain,2020-07-22,263412,525,7259,prediction
Spain,2020-07-23,263938,526,7273,prediction
Spain,2020-07-24,264465,527,7287,prediction
Spain,2020-07-25,264993,528,7301,prediction
Spain,2020-07-26,265522,529,7315,prediction
Spain,2020-07-27,266053,531,7330,prediction
Spain,2020-07-28,266585,532,7345,prediction
Spain,2020-07-29,267118,533,7360,prediction
Spain,2020-07-30,267652,534,7375,prediction
Spain,2020-07-31,268187,535,7390,prediction
Germany,2020-01-27,1,1,1,real
Germany,2020-01-28,4,3,4,real
Germany,2020-01-29,4,0,4,real
Germany,2020-01-30,4,0,4,real
Germany,2020-01-31,5,1,5,real
Germany,2020-02-01,8,3,8,real
Germany,2020-02-02,10,2,10,real
Germany,2020-02-03,12,2,12,real
Germany,2020-02-04,12,0,12,real
Germany,2020-02-05,12,0,12,real
Germany,2020-02-06,12,0,12,real
Germany,2020-02-07,13,1,13,real
Germany,2020-02-08,13,0,13,real
Germany,2020-02-09,14,1,14,real
Germany,2020-02-10,14,0,13,real
Germany,2020-02-11,16,2,12,real
Germany,2020-02-12,16,0,12,real
Germany,2020-02-13,16,0,12,real
Germany,2020-02-14,16,0,11,real
Germany,2020-02-15,16,0,8,real
Germany,2020-02-16,16,0,6,real
Germany,2020-02-17,16,0,4,real
Germany,2020-02-18,16,0,4,real
Germany,2020-02-19,16,0,4,real
Germany,2020-02-20,16,0,4,real
Germany,2020-02-21,16,0,3,real
Germany,2020-02-22,16,0,3,real
Germany,2020-02-23,16,0,2,real
Germany,2020-02-24,16,0,2,real
Germany,2020-02-25,17,1,1,real
Germany,2020-02-26,27,10,11,real
Germany,2020-02-27,46,19,30,real
Germany,2020-02-28,48,2,32,real
Germany,2020-02-29,79,31,63,real
Germany,2020-03-01,130,51,114,real
Germany,2020-03-02,159,29,143,real
Germany,2020-03-03,196,37,180,real
Germany,2020-03-04,262,66,246,real
Germany,2020-03-05,482,220,466,real
Germany,2020-03-06,670,188,654,real
Germany,2020-03-07,799,129,783,real
Germany,2020-03-08,1040,241,1024,real
Germany,2020-03-09,1176,136,1160,real
Germany,2020-03-10,1457,281,1440,real
Germany,2020-03-11,1908,451,1881,real
Germany,2020-03-12,2078,170,2032,real
Germany,2020-03-13,3675,1597,3627,real
Germany,2020-03-14,4585,910,4506,real
Germany,2020-03-15,5795,1210,5665,real
Germany,2020-03-16,7272,1477,7113,real
Germany,2020-03-17,9257,1985,9061,real
Germany,2020-03-18,12327,3070,12065,real
Germany,2020-03-19,15320,2993,14838,real
Germany,2020-03-20,19848,4528,19178,real
Germany,2020-03-21,22213,2365,21414,real
Germany,2020-03-22,24873,2660,23833,real
Germany,2020-03-23,29056,4183,27880,real
Germany,2020-03-24,32986,3930,31529,real
Germany,2020-03-25,37323,4337,35415,real
Germany,2020-03-26,43938,6615,41860,real
Germany,2020-03-27,50871,6933,47196,real
Germany,2020-03-28,57695,6824,53110,real
Germany,2020-03-29,62095,4400,56300,real
Germany,2020-03-30,66885,4790,59613,real
Germany,2020-03-31,71808,4923,62551,real
Germany,2020-04-01,77872,6064,65545,real
Germany,2020-04-02,84794,6922,69474,real
Germany,2020-04-03,91159,6365,71311,real
Germany,2020-04-04,96092,4933,73879,real
Germany,2020-04-05,100123,4031,75250,real
Germany,2020-04-06,103374,3251,74318,real
Germany,2020-04-07,107663,4289,74677,real
Germany,2020-04-08,113296,5633,75973,real
Germany,2020-04-09,118181,4885,74243,real
Germany,2020-04-10,122171,3990,71300,real
Germany,2020-04-11,124908,2737,67213,real
Germany,2020-04-12,127854,2946,65759,real
Germany,2020-04-13,130072,2218,63187,real
Germany,2020-04-14,131359,1287,59551,real
Germany,2020-04-15,134753,3394,56881,real
Germany,2020-04-16,137698,2945,52904,real
Germany,2020-04-17,141397,3699,50238,real
Germany,2020-04-18,143342,1945,47250,real
Germany,2020-04-19,145184,1842,45061,real
Germany,2020-04-20,147065,1881,43691,real
Germany,2020-04-21,148291,1226,40628,real
Germany,2020-04-22,150648,2357,37352,real
Germany,2020-04-23,153129,2481,34948,real
Germany,2020-04-24,154999,1870,32828,real
Germany,2020-04-25,156513,1514,31605,real
Germany,2020-04-26,157770,1257,29916,real
Germany,2020-04-27,158758,988,28686,real
Germany,2020-04-28,159912,1154,28553,real
Germany,2020-04-29,161539,1627,26786,real
Germany,2020-04-30,163009,1470,25311,real
Germany,2020-05-01,164077,1068,22680,real
Germany,2020-05-02,164967,890,21625,real
Germany,2020-05-03,165664,697,20480,real
Germany,2020-05-04,166152,488,19087,real
Germany,2020-05-05,167007,855,18716,real
Germany,2020-05-06,168162,1155,17514,real
Germany,2020-05-07,169430,1268,16301,real
Germany,2020-05-08,170588,1158,15589,real
Germany,2020-05-09,171324,736,14811,real
Germany,2020-05-10,171879,555,14109,real
Germany,2020-05-11,172576,697,13818,real
Germany,2020-05-12,173171,595,13259,real
Germany,2020-05-13,174098,927,12559,real
Germany,2020-05-14,174478,380,11469,real
Germany,2020-05-15,175233,755,11156,real
Germany,2020-05-16,175752,519,10785,real
Germany,2020-05-17,176369,617,10705,real
Germany,2020-05-18,176551,182,10399,real
Germany,2020-05-19,177778,1227,10771,real
Germany,2020-05-20,178473,695,10311,real
Germany,2020-05-21,179021,548,9591,real
Germany,2020-05-22,179710,689,9122,real
Germany,2020-05-23,179986,276,8662,real
Germany,2020-05-24,180328,342,8449,real
Germany,2020-05-25,180600,272,8024,real
Germany,2020-05-26,181200,600,8029,real
Germany,2020-05-27,181524,324,7426,real
Germany,2020-05-28,182196,672,7718,real
Germany,2020-05-29,182922,726,7689,real
Germany,2020-05-30,183189,267,7437,real
Germany,2020-05-31,183410,221,7041,real
Germany,2020-06-01,183594,184,7043,real
Germany,2020-06-02,183879,285,6101,real
Germany,2020-06-03,184121,242,5648,real
Germany,2020-06-04,184472,351,5451,real
Germany,2020-06-05,184924,452,5214,real
Germany,2020-06-06,185450,526,5464,real
Germany,2020-06-07,185750,300,5422,real
Germany,2020-06-08,186109,359,5509,real
Germany,2020-06-09,186506,397,5306,real
Germany,2020-06-10,186522,16,4998,real
Germany,2020-06-11,186691,169,4495,real
Germany,2020-06-12,187064,373,4142,prediction
Germany,2020-06-13,187438,374,4249,prediction
Germany,2020-06-14,187812,374,4402,prediction
Germany,2020-06-15,188187,375,4593,prediction
Germany,2020-06-16,188563,376,4684,prediction
Germany,2020-06-17,188940,377,4819,prediction
Germany,2020-06-18,189317,377,4845,prediction
Germany,2020-06-19,189695,378,4771,prediction
Germany,2020-06-20,190074,379,4624,prediction
Germany,2020-06-21,190454,380,4704,prediction
Germany,2020-06-22,190834,380,4725,prediction
Germany,2020-06-23,191215,381,4709,prediction
Germany,2020-06-24,191597,382,5075,prediction
Germany,2020-06-25,191980,383,5289,prediction
Germany,2020-06-26,192363,383,5299,prediction
Germany,2020-06-27,192747,384,5309,prediction
Germany,2020-06-28,193132,385,5320,prediction
Germany,2020-06-29,193518,386,5331,prediction
Germany,2020-06-30,193905,387,5342,prediction
Germany,2020-07-01,194292,387,5352,prediction
Germany,2020-07-02,194680,388,5363,prediction
Germany,2020-07-03,195069,389,5374,prediction
Germany,2020-07-04,195459,390,5385,prediction
Germany,2020-07-05,195849,390,5395,prediction
Germany,2020-07-06,196240,391,5406,prediction
Germany,2020-07-07,196632,392,5417,prediction
Germany,2020-07-08,197025,393,5428,prediction
Germany,2020-07-09,197419,394,5439,prediction
Germany,2020-07-10,197813,394,5450,prediction
Germany,2020-07-11,198208,395,5461,prediction
Germany,2020-07-12,198604,396,5472,prediction
Germany,2020-07-13,199001,397,5483,prediction
Germany,2020-07-14,199399,398,5494,prediction
Germany,2020-07-15,199797,398,5505,prediction
Germany,2020-07-16,200196,399,5516,prediction
Germany,2020-07-17,200596,400,5527,prediction
Germany,2020-07-18,200997,401,5538,prediction
Germany,2020-07-19,201398,401,5549,prediction
Germany,2020-07-20,201800,402,5560,prediction
Germany,2020-07-21,202203,403,5571,prediction
Germany,2020-07-22,202607,404,5582,prediction
Germany,2020-07-23,203012,405,5593,prediction
Germany,2020-07-24,203418,406,5605,prediction
Germany,2020-07-25,203824,406,5616,prediction
Germany,2020-07-26,204231,407,5627,prediction
Germany,2020-07-27,204639,408,5638,prediction
Germany,2020-07-28,205048,409,5649,prediction
Germany,2020-07-29,205458,410,5661,prediction
Germany,2020-07-30,205868,410,5672,prediction
Germany,2020-07-31,206279,411,5683,prediction
France,2020-01-24,2,2,2,real
France,2020-01-25,3,1,3,real
France,2020-01-26,3,0,3,real
France,2020-01-27,3,0,3,real
France,2020-01-28,4,1,4,real
France,2020-01-29,5,1,5,real
France,2020-01-30,5,0,5,real
France,2020-01-31,5,0,5,real
France,2020-02-01,6,1,6,real
France,2020-02-02,6,0,6,real
France,2020-02-03,6,0,6,real
France,2020-02-04,6,0,6,real
France,2020-02-05,6,0,6,real
France,2020-02-06,6,0,6,real
France,2020-02-07,6,0,4,real
France,2020-02-08,11,5,8,real
France,2020-02-09,11,0,8,real
France,2020-02-10,11,0,8,real
France,2020-02-11,11,0,7,real
France,2020-02-12,11,0,6,real
France,2020-02-13,11,0,6,real
France,2020-02-14,11,0,6,real
France,2020-02-15,12,1,6,real
France,2020-02-16,12,0,6,real
France,2020-02-17,12,0,6,real
France,2020-02-18,12,0,6,real
France,2020-02-19,12,0,6,real
France,2020-02-20,12,0,6,real
France,2020-02-21,12,0,6,real
France,2020-02-22,12,0,1,real
France,2020-02-23,12,0,1,real
France,2020-02-24,12,0,1,real
France,2020-02-25,14,2,3,real
France,2020-02-26,18,4,7,real
France,2020-02-27,38,20,27,real
France,2020-02-28,57,19,46,real
France,2020-02-29,100,43,88,real
France,2020-03-01,130,30,118,real
France,2020-03-02,191,61,179,real
France,2020-03-03,204,13,192,real
France,2020-03-04,288,84,276,real
France,2020-03-05,380,92,368,real
France,2020-03-06,656,276,644,real
France,2020-03-07,959,303,947,real
France,2020-03-08,1136,177,1124,real
France,2020-03-09,1219,83,1207,real
France,2020-03-10,1794,575,1780,real
France,2020-03-11,2293,499,2275,real
France,2020-03-12,2293,0,2255,real
France,2020-03-13,3681,1388,3624,real
France,2020-03-14,4496,815,4396,real
France,2020-03-15,4532,36,4402,real
France,2020-03-16,6683,2151,6492,real
France,2020-03-17,7715,1032,7511,real
France,2020-03-18,9124,1409,8836,real
France,2020-03-19,10970,1846,10590,real
France,2020-03-20,12758,1788,12102,real
France,2020-03-21,14463,1705,13504,real
France,2020-03-22,16243,1780,15107,real
France,2020-03-23,20123,3880,18904,real
France,2020-03-24,22622,2499,20828,real
France,2020-03-25,25600,2978,23307,real
France,2020-03-26,29551,3951,27258,real
France,2020-03-27,33402,3851,29721,real
France,2020-03-28,38105,4703,33609,real
France,2020-03-29,40708,2603,36176,real
France,2020-03-30,45170,4462,38487,real
France,2020-03-31,52827,7657,45112,real
France,2020-04-01,57749,4922,48625,real
France,2020-04-02,59929,2180,48959,real
France,2020-04-03,65202,5273,52444,real
France,2020-04-04,69500,4298,55037,real
France,2020-04-05,71412,1912,55169,real
France,2020-04-06,75343,3931,55220,real
France,2020-04-07,79163,3820,56541,real
France,2020-04-08,83057,3894,57457,real
France,2020-04-09,87366,4309,57815,real
France,2020-04-10,91738,4372,58336,real
France,2020-04-11,94863,3125,56758,real
France,2020-04-12,121712,26849,81004,real
France,2020-04-13,125394,3682,80224,real
France,2020-04-14,130365,4971,77538,real
France,2020-04-15,133585,3220,75836,real
France,2020-04-16,146075,12490,86146,real
France,2020-04-17,148084,2009,82882,real
France,2020-04-18,148086,2,78586,real
France,2020-04-19,153011,4925,81599,real
France,2020-04-20,155393,2382,80050,real
France,2020-04-21,158168,2775,79005,real
France,2020-04-22,155980,-2188,72923,real
France,2020-04-23,158303,2323,70937,real
France,2020-04-24,159952,1649,68214,real
France,2020-04-25,161644,1692,66781,real
France,2020-04-26,162220,576,40508,real
France,2020-04-27,165963,3743,40569,real
France,2020-04-28,169053,3090,38688,real
France,2020-04-29,166543,-2510,32958,real
France,2020-04-30,167299,756,21224,real
France,2020-05-01,167305,6,19221,real
France,2020-05-02,168518,1213,20432,real
France,2020-05-03,168925,407,15914,real
France,2020-05-04,169583,658,14190,real
France,2020-05-05,170687,1104,12519,real
France,2020-05-06,174224,3537,18244,real
France,2020-05-07,174918,694,16615,real
France,2020-05-08,176202,1284,16250,real
France,2020-05-09,176782,580,15138,real
France,2020-05-10,177094,312,14874,real
France,2020-05-11,177547,453,11584,real
France,2020-05-12,178349,802,9296,real
France,2020-05-13,178184,-165,11641,real
France,2020-05-14,178994,810,11695,real
France,2020-05-15,179630,636,12325,real
France,2020-05-16,179630,0,11112,real
France,2020-05-17,179693,63,10768,real
France,2020-05-18,180051,358,10468,real
France,2020-05-19,180933,882,10246,real
France,2020-05-20,181700,767,7476,real
France,2020-05-21,181951,251,7033,real
France,2020-05-22,182354,403,6152,real
France,2020-05-23,182694,340,5912,real
France,2020-05-24,182709,15,5615,real
France,2020-05-25,183067,358,5520,real
France,2020-05-26,182847,-220,4498,real
France,2020-05-27,183038,191,4854,real
France,2020-05-28,186364,3326,7370,real
France,2020-05-29,186923,559,7293,real
France,2020-05-30,188752,1829,9122,real
France,2020-05-31,189009,257,9316,real
France,2020-06-01,189348,339,9297,real
France,2020-06-02,188450,-898,7517,real
France,2020-06-03,192330,3880,10630,real
France,2020-06-04,189569,-2761,7618,real
France,2020-06-05,190180,611,7826,real
France,2020-06-06,190759,579,8065,real
France,2020-06-07,191102,343,8393,real
France,2020-06-08,191313,211,8246,real
France,2020-06-09,191523,210,8676,real
France,2020-06-10,192068,545,9030,real
France,2020-06-11,192493,425,6129,real
France,2020-06-12,192877,384,5954,prediction
France,2020-06-13,193262,385,4510,prediction
France,2020-06-14,193648,386,4639,prediction
France,2020-06-15,194035,387,4687,prediction
France,2020-06-16,194423,388,5973,prediction
France,2020-06-17,194811,388,2481,prediction
France,2020-06-18,195200,389,5631,prediction
France,2020-06-19,195590,390,5410,prediction
France,2020-06-20,195981,391,5222,prediction
France,2020-06-21,196372,391,5270,prediction
France,2020-06-22,196764,392,5451,prediction
France,2020-06-23,197157,393,5634,prediction
France,2020-06-24,197551,394,5483,prediction
France,2020-06-25,197946,395,5453,prediction
France,2020-06-26,198341,395,5464,prediction
France,2020-06-27,198737,396,5475,prediction
France,2020-06-28,199134,397,5486,prediction
France,2020-06-29,199532,398,5497,prediction
France,2020-06-30,199931,399,5508,prediction
France,2020-07-01,200330,399,5519,prediction
France,2020-07-02,200730,400,5530,prediction
France,2020-07-03,201131,401,5541,prediction
France,2020-07-04,201533,402,5552,prediction
France,2020-07-05,201936,403,5564,prediction
France,2020-07-06,202339,403,5575,prediction
France,2020-07-07,202743,404,5586,prediction
France,2020-07-08,203148,405,5597,prediction
France,2020-07-09,203554,406,5608,prediction
France,2020-07-10,203961,407,5620,prediction
France,2020-07-11,204368,407,5631,prediction
France,2020-07-12,204776,408,5642,prediction
France,2020-07-13,205185,409,5653,prediction
France,2020-07-14,205595,410,5664,prediction
France,2020-07-15,206006,411,5676,prediction
France,2020-07-16,206418,412,5688,prediction
France,2020-07-17,206830,412,5699,prediction
France,2020-07-18,207243,413,5710,prediction
France,2020-07-19,207657,414,5721,prediction
France,2020-07-20,208072,415,5733,prediction
France,2020-07-21,208488,416,5745,prediction
France,2020-07-22,208904,416,5756,prediction
France,2020-07-23,209321,417,5767,prediction
France,2020-07-24,209739,418,5778,prediction
France,2020-07-25,210158,419,5790,prediction
France,2020-07-26,210578,420,5802,prediction
France,2020-07-27,210999,421,5814,prediction
France,2020-07-28,211420,421,5825,prediction
France,2020-07-29,211842,422,5836,prediction
France,2020-07-30,212265,423,5847,prediction
France,2020-07-31,212689,424,5859,prediction
Brazil,2020-02-26,1,1,1,real
Brazil,2020-02-27,1,0,1,real
Brazil,2020-02-28,1,0,1,real
Brazil,2020-02-29,2,1,2,real
Brazil,2020-03-01,2,0,2,real
Brazil,2020-03-02,2,0,2,real
Brazil,2020-03-03,2,0,2,real
Brazil,2020-03-04,4,2,4,real
Brazil,2020-03-05,4,0,4,real
Brazil,2020-03-06,13,9,13,real
Brazil,2020-03-07,13,0,13,real
Brazil,2020-03-08,20,7,20,real
Brazil,2020-03-09,25,5,25,real
Brazil,2020-03-10,31,6,31,real
Brazil,2020-03-11,38,7,37,real
Brazil,2020-03-12,52,14,51,real
Brazil,2020-03-13,151,99,150,real
Brazil,2020-03-14,151,0,149,real
Brazil,2020-03-15,162,11,160,real
Brazil,2020-03-16,200,38,198,real
Brazil,2020-03-17,321,121,319,real
Brazil,2020-03-18,372,51,368,real
Brazil,2020-03-19,621,249,617,real
Brazil,2020-03-20,793,172,780,real
Brazil,2020-03-21,1021,228,1008,real
Brazil,2020-03-22,1546,525,1526,real
Brazil,2020-03-23,1924,378,1899,real
Brazil,2020-03-24,2247,323,2216,real
Brazil,2020-03-25,2554,307,2516,real
Brazil,2020-03-26,2985,431,2933,real
Brazil,2020-03-27,3417,432,3266,real
Brazil,2020-03-28,3904,487,3753,real
Brazil,2020-03-29,4256,352,4094,real
Brazil,2020-03-30,4579,323,4379,real
Brazil,2020-03-31,5717,1138,5396,real
Brazil,2020-04-01,6836,1119,6464,real
Brazil,2020-04-02,8044,1208,7423,real
Brazil,2020-04-03,9056,1012,8263,real
Brazil,2020-04-04,10360,1304,9339,real
Brazil,2020-04-05,11130,770,9584,real
Brazil,2020-04-06,12161,1031,10237,real
Brazil,2020-04-07,14034,1873,11787,real
Brazil,2020-04-08,16170,2136,13616,real
Brazil,2020-04-09,18092,1922,15107,real
Brazil,2020-04-10,19638,1546,16221,real
Brazil,2020-04-11,20727,1089,16823,real
Brazil,2020-04-12,22192,1465,17936,real
Brazil,2020-04-13,23430,1238,18851,real
Brazil,2020-04-14,25262,1832,19545,real
Brazil,2020-04-15,28320,3058,21484,real
Brazil,2020-04-16,30425,2105,22381,real
Brazil,2020-04-17,33682,3257,24626,real
Brazil,2020-04-18,36658,2976,26298,real
Brazil,2020-04-19,38654,1996,27524,real
Brazil,2020-04-20,40743,2089,28582,real
Brazil,2020-04-21,43079,2336,29045,real
Brazil,2020-04-22,45757,2678,29587,real
Brazil,2020-04-23,50036,4279,31944,real
Brazil,2020-04-24,54043,4007,34405,real
Brazil,2020-04-25,59324,5281,38597,real
Brazil,2020-04-26,63100,3776,40908,real
Brazil,2020-04-27,67446,4346,44016,real
Brazil,2020-04-28,73235,5789,47973,real
Brazil,2020-04-29,79685,6450,51365,real
Brazil,2020-04-30,87187,7502,56762,real
Brazil,2020-05-01,92202,5015,58520,real
Brazil,2020-05-02,97100,4898,60442,real
Brazil,2020-05-03,101826,4726,63172,real
Brazil,2020-05-04,108620,6794,67877,real
Brazil,2020-05-05,115455,6835,72376,real
Brazil,2020-05-06,126611,11156,80854,real
Brazil,2020-05-07,135773,9162,85737,real
Brazil,2020-05-08,146894,11121,92851,real
Brazil,2020-05-09,156061,9167,96737,real
Brazil,2020-05-10,162699,6638,99599,real
Brazil,2020-05-11,169594,6895,102148,real
Brazil,2020-05-12,178214,8620,104979,real
Brazil,2020-05-13,190137,11923,110452,real
Brazil,2020-05-14,203165,13028,115978,real
Brazil,2020-05-15,220291,17126,128089,real
Brazil,2020-05-16,233511,13220,136411,real
Brazil,2020-05-17,241080,7569,139254,real
Brazil,2020-05-18,255368,14288,146748,real
Brazil,2020-05-19,271885,16517,156430,real
Brazil,2020-05-20,291579,19694,164968,real
Brazil,2020-05-21,310087,18508,174314,real
Brazil,2020-05-22,330890,20803,183996,real
Brazil,2020-05-23,347398,16508,191337,real
Brazil,2020-05-24,363211,15813,200512,real
Brazil,2020-05-25,374898,11687,205304,real
Brazil,2020-05-26,391222,16324,213008,real
Brazil,2020-05-27,411821,20599,221684,real
Brazil,2020-05-28,438238,26417,235073,real
Brazil,2020-05-29,465166,26928,244875,real
Brazil,2020-05-30,498440,33274,264929,real
Brazil,2020-05-31,514849,16409,273769,real
Brazil,2020-06-01,526447,11598,271079,real
Brazil,2020-06-02,555383,28936,283498,real
Brazil,2020-06-03,584016,28633,292437,real
Brazil,2020-06-04,614941,30925,304854,real
Brazil,2020-06-05,645771,30830,314881,real
Brazil,2020-06-06,672846,27075,325448,real
Brazil,2020-06-07,691758,18912,328547,real
Brazil,2020-06-08,707412,15654,332514,real
Brazil,2020-06-09,739503,32091,348281,real
Brazil,2020-06-10,772416,32913,360595,real
Brazil,2020-06-11,802828,30412,364590,real
Brazil,2020-06-12,829976,27148,364810,prediction
Brazil,2020-06-13,860354,30378,361914,prediction
Brazil,2020-06-14,889967,29613,375118,prediction
Brazil,2020-06-15,918364,28397,391917,prediction
Brazil,2020-06-16,945960,27596,390577,prediction
Brazil,2020-06-17,973498,27538,389482,prediction
Brazil,2020-06-18,1000022,26524,385081,prediction
Brazil,2020-06-19,1025482,25460,379711,prediction
Brazil,2020-06-20,1049944,24462,377098,prediction
Brazil,2020-06-21,1073370,23426,381612,prediction
Brazil,2020-06-22,1095501,22131,388089,prediction
Brazil,2020-06-23,1116281,20780,376778,prediction
Brazil,2020-06-24,1135651,19370,363235,prediction
Brazil,2020-06-25,1153518,17867,350690,prediction
Brazil,2020-06-26,1169777,16259,339801,prediction
Brazil,2020-06-27,1184365,14588,324011,prediction
Brazil,2020-06-28,1197219,12854,307252,prediction
Brazil,2020-06-29,1208275,11056,289911,prediction
Brazil,2020-06-30,1217478,9203,271518,prediction
Brazil,2020-07-01,1224787,7309,251289,prediction
Brazil,2020-07-02,1230167,5380,230145,prediction
Brazil,2020-07-03,1233592,3425,208110,prediction
Brazil,2020-07-04,1236059,2467,186115,prediction
Brazil,2020-07-05,1238531,2472,165161,prediction
Brazil,2020-07-06,1241008,2477,145507,prediction
Brazil,2020-07-07,1243490,2482,127209,prediction
Brazil,2020-07-08,1245976,2486,110325,prediction
Brazil,2020-07-09,1248467,2491,94949,prediction
Brazil,2020-07-10,1250963,2496,81186,prediction
Brazil,2020-07-11,1253464,2501,69099,prediction
Brazil,2020-07-12,1255970,2506,58751,prediction
Brazil,2020-07-13,1258481,2511,50206,prediction
Brazil,2020-07-14,1260997,2516,43519,prediction
Brazil,2020-07-15,1263518,2521,38731,prediction
Brazil,2020-07-16,1266045,2527,35878,prediction
Brazil,2020-07-17,1268577,2532,34985,prediction
Brazil,2020-07-18,1271114,2537,35055,prediction
Brazil,2020-07-19,1273656,2542,35125,prediction
Brazil,2020-07-20,1276203,2547,35195,prediction
Brazil,2020-07-21,1278755,2552,35265,prediction
Brazil,2020-07-22,1281312,2557,35336,prediction
Brazil,2020-07-23,1283874,2562,35407,prediction
Brazil,2020-07-24,1286441,2567,35478,prediction
Brazil,2020-07-25,1289013,2572,35549,prediction
Brazil,2020-07-26,1291591,2578,35621,prediction
Brazil,2020-07-27,1294174,2583,35693,prediction
Brazil,2020-07-28,1296762,2588,35765,prediction
Brazil,2020-07-29,1299355,2593,35837,prediction
Brazil,2020-07-30,1301953,2598,35908,prediction
Brazil,2020-07-31,1304556,2603,35979,prediction
China,2020-01-22,548,548,548,real
China,2020-01-23,643,95,643,real
China,2020-01-24,920,277,920,real
China,2020-01-25,1406,486,1406,real
China,2020-01-26,2075,669,2075,real
China,2020-01-27,2877,802,2877,real
China,2020-01-28,5509,2632,5509,real
China,2020-01-29,6087,578,6087,real
China,2020-01-30,8141,2054,8141,real
China,2020-01-31,9802,1661,9802,real
China,2020-02-01,11891,2089,11891,real
China,2020-02-02,16630,4739,16630,real
China,2020-02-03,19716,3086,19716,real
China,2020-02-04,23707,3991,23707,real
China,2020-02-05,27440,3733,26892,real
China,2020-02-06,30587,3147,29944,real
China,2020-02-07,34110,3523,33190,real
China,2020-02-08,36814,2704,35408,real
China,2020-02-09,39829,3015,37754,real
China,2020-02-10,42354,2525,39477,real
China,2020-02-11,44386,2032,38877,real
China,2020-02-12,44759,373,38672,real
China,2020-02-13,59895,15136,51754,real
China,2020-02-14,66358,6463,56556,real
China,2020-02-15,68413,2055,56522,real
China,2020-02-16,70513,2100,53883,real
China,2020-02-17,72434,1921,52718,real
China,2020-02-18,74211,1777,50504,real
China,2020-02-19,74619,408,47179,real
China,2020-02-20,75077,458,44490,real
China,2020-02-21,75550,473,41440,real
China,2020-02-22,77001,1451,40187,real
China,2020-02-23,77022,21,37193,real
China,2020-02-24,77241,219,34887,real
China,2020-02-25,77754,513,33368,real
China,2020-02-26,78166,412,33407,real
China,2020-02-27,78600,434,18705,real
China,2020-02-28,78928,328,12570,real
China,2020-02-29,79356,428,10943,real
China,2020-03-01,79932,576,9419,real
China,2020-03-02,80136,204,7702,real
China,2020-03-03,80261,125,6050,real
China,2020-03-04,80386,125,5767,real
China,2020-03-05,80537,151,5460,real
China,2020-03-06,80690,153,5140,real
China,2020-03-07,80770,80,3769,real
China,2020-03-08,80823,53,3801,real
China,2020-03-09,80860,37,3619,real
China,2020-03-10,80887,27,3133,real
China,2020-03-11,80921,34,2755,real
China,2020-03-12,80932,11,2332,real
China,2020-03-13,80945,13,2017,real
China,2020-03-14,80977,32,1621,real
China,2020-03-15,81003,26,1071,real
China,2020-03-16,81033,30,897,real
China,2020-03-17,81058,25,797,real
China,2020-03-18,81102,44,716,real
China,2020-03-19,81156,54,619,real
China,2020-03-20,81250,94,560,real
China,2020-03-21,81305,55,535,real
China,2020-03-22,81435,130,612,real
China,2020-03-23,81498,63,638,real
China,2020-03-24,81591,93,704,real
China,2020-03-25,81661,70,740,real
China,2020-03-26,81782,121,850,real
China,2020-03-27,81897,115,952,real
China,2020-03-28,81999,102,1022,real
China,2020-03-29,82122,123,1119,real
China,2020-03-30,82198,76,1165,real
China,2020-03-31,82279,81,1221,real
China,2020-04-01,82361,82,1259,real
China,2020-04-02,82432,71,1276,real
China,2020-04-03,82511,79,1261,real
China,2020-04-04,82543,32,1238,real
China,2020-04-05,82602,59,1167,real
China,2020-04-06,82665,63,1167,real
China,2020-04-07,82718,53,1127,real
China,2020-04-08,82809,91,1148,real
China,2020-04-09,82883,74,1101,real
China,2020-04-10,82941,58,1044,real
China,2020-04-11,83014,73,1015,real
China,2020-04-12,83134,120,1012,real
China,2020-04-13,83213,79,1015,real
China,2020-04-14,83306,93,1027,real
China,2020-04-15,83356,50,995,real
China,2020-04-16,83403,47,971,real
China,2020-04-17,83760,357,1249,real
China,2020-04-18,83787,27,1244,real
China,2020-04-19,83805,18,1203,real
China,2020-04-20,83817,12,1152,real
China,2020-04-21,83853,36,1135,real
China,2020-04-22,83868,15,1059,real
China,2020-04-23,83884,16,1001,real
China,2020-04-24,83899,15,958,real
China,2020-04-25,83909,10,895,real
China,2020-04-26,83912,3,778,real
China,2020-04-27,83918,6,705,real
China,2020-04-28,83940,22,634,real
China,2020-04-29,83944,4,588,real
China,2020-04-30,83956,12,553,real
China,2020-05-01,83959,3,199,real
China,2020-05-02,83959,0,172,real
China,2020-05-03,83964,5,159,real
China,2020-05-04,83966,2,149,real
China,2020-05-05,83968,2,115,real
China,2020-05-06,83970,2,102,real
China,2020-05-07,83975,5,91,real
China,2020-05-08,83976,1,77,real
China,2020-05-09,83990,14,81,real
China,2020-05-10,84010,20,98,real
China,2020-05-11,84011,1,93,real
China,2020-05-12,84018,7,78,real
China,2020-05-13,84024,6,80,real
China,2020-05-14,84029,5,73,real
China,2020-05-15,84038,9,79,real
China,2020-05-16,84044,6,85,real
China,2020-05-17,84054,10,90,real
China,2020-05-18,84063,9,97,real
China,2020-05-19,84063,0,95,real
China,2020-05-20,84063,0,93,real
China,2020-05-21,84063,0,88,real
China,2020-05-22,84081,18,105,real
China,2020-05-23,84084,3,94,real
China,2020-05-24,84095,11,85,real
China,2020-05-25,84102,7,91,real
China,2020-05-26,84103,1,85,real
China,2020-05-27,84106,3,82,real
China,2020-05-28,84106,0,77,real
China,2020-05-29,84123,17,85,real
China,2020-05-30,84128,5,84,real
China,2020-05-31,84146,18,92,real
China,2020-06-01,84154,8,91,real
China,2020-06-02,84161,7,98,real
China,2020-06-03,84160,-1,97,real
China,2020-06-04,84171,11,108,real
China,2020-06-05,84177,6,96,real
China,2020-06-06,84186,9,102,real
China,2020-06-07,84191,5,96,real
China,2020-06-08,84195,4,93,real
China,2020-06-09,84198,3,95,real
China,2020-06-10,84209,11,103,real
China,2020-06-11,84216,7,110,real
China,2020-06-12,84384,168,261,prediction
China,2020-06-13,84552,168,424,prediction
China,2020-06-14,84721,169,575,prediction
China,2020-06-15,84890,169,736,prediction
China,2020-06-16,85059,169,898,prediction
China,2020-06-17,85229,170,1069,prediction
China,2020-06-18,85399,170,1228,prediction
China,2020-06-19,85569,170,1392,prediction
China,2020-06-20,85740,171,1554,prediction
China,2020-06-21,85911,171,1720,prediction
China,2020-06-22,86082,171,1887,prediction
China,2020-06-23,86254,172,2056,prediction
China,2020-06-24,86426,172,2217,prediction
China,2020-06-25,86598,172,2382,prediction
China,2020-06-26,86771,173,2387,prediction
China,2020-06-27,86944,173,2392,prediction
China,2020-06-28,87117,173,2396,prediction
China,2020-06-29,87291,174,2401,prediction
China,2020-06-30,87465,174,2406,prediction
China,2020-07-01,87639,174,2410,prediction
China,2020-07-02,87814,175,2415,prediction
China,2020-07-03,87989,175,2420,prediction
China,2020-07-04,88164,175,2424,prediction
China,2020-07-05,88340,176,2429,prediction
China,2020-07-06,88516,176,2434,prediction
China,2020-07-07,88693,177,2439,prediction
China,2020-07-08,88870,177,2444,prediction
China,2020-07-09,89047,177,2449,prediction
China,2020-07-10,89225,178,2454,prediction
China,2020-07-11,89403,178,2459,prediction
China,2020-07-12,89581,178,2464,prediction
China,2020-07-13,89760,179,2469,prediction
China,2020-07-14,89939,179,2474,prediction
China,2020-07-15,90118,179,2479,prediction
China,2020-07-16,90298,180,2484,prediction
China,2020-07-17,90478,180,2489,prediction
China,2020-07-18,90658,180,2494,prediction
China,2020-07-19,90839,181,2499,prediction
China,2020-07-20,91020,181,2504,prediction
China,2020-07-21,91202,182,2509,prediction
China,2020-07-22,91384,182,2514,prediction
China,2020-07-23,91566,182,2519,prediction
China,2020-07-24,91749,183,2524,prediction
China,2020-07-25,91932,183,2529,prediction
China,2020-07-26,92115,183,2534,prediction
China,2020-07-27,92299,184,2539,prediction
China,2020-07-28,92483,184,2544,prediction
China,2020-07-29,92667,184,2549,prediction
China,2020-07-30,92852,185,2554,prediction
China,2020-07-31,93037,185,2559,prediction
